ID,Answer,Generated
2024-II-4,33,33
2024-II-12,23,5
2024-I-4,116,116
2024-I-3,809,404
2024-I-8,197,2027
2024-I-12,385,16
2024-I-11,371,17
2024-II-11,601,303
2024-I-2,25,25
2024-II-6,55,77
2024-I-7,540,540
2024-II-3,45," re re re0 re re re:

\boxed{ re re re

\boxed{ re re re re re re re re re re re0 re re]
 re re0 re re re re re re re re re re re]
 re re re re0 re re reector re re re0 re re re re0 re re re re re re

 re re re0 re re re re re re re re re re re re re re reector re re re re

 reector re re0 re]
 re re re]
 re re re re re]
 re re0 re re re re re re]
 re re re re re re re re re re re re re re re0 re re re]
 re re]
 re re re]
 re]
 re]
 re re]
 re]
 re re]
 re]
 re]
 re]
 re]
 re]
 re]
 re]
 re]
 re]
 re]
 re]
 re re re re re]
 re re]
 re re re re]
 re]
 re]
 re re re re]
 re]
 re]
 re]
 re

\).

\boxed{ re re re re re]
 re]
 re]
 re re]
 re re re]
 re re]
 re]
 re]
 re]
 re

 re re re]
 re]
 re]
 re

\).

The re re re re re]
 re]
 re]
 re re]
 re re]
 re]
 re]
 re]
 re]
 re]
 re]
 re]
 re]
 re]
 re]
 re]
 re re]
 re]
 re]
 re]
 re]
 re re re]
 re]
 re]
 re]
 re re re]
 re]
 re]
 re re re re]
 re]
 re]
 re re]
 re]
 re]
 re]
 re]
 re re]
 re]
 re]
 re]
 re]
 re]
 re re]
 re]
 re]
 re]
 re]
 re]
 re]
 re]
 re]
 re]
 re]
 re]
 re]
 re]
 re]
 re]
 re]
 re]
 re]
 re]
 re]
 re]
 re]
 re]
 re]
 re]
 re]
 re]
 re]
 re]
 re]
 re]
 re]
 re]
 re]
 re]
 re]
 re]
 re]
 re]
 re]
 re]
 re]
 re]
 re]
 re]
 re re]
 re]
 re]
 re]
 re re]
 re]
 re]
 re]
 re]
 re]
 re]
 re]
 re]
 re]
 re]
 re]
 re]
 re]
 re]
 re]
 re]
 re]
 re]
 re]
 re]
 re]
 re]
 re]
 re re]
 re]
 re]
 re]
 re]
 re]
 re]
 re]
 re]
 re]
 re]
 re]
 re]
 re]
 re]
 re]
 re]
 re]
 re]
 re]
 re]
 re]
 re]
 re]
 re]
 re]
 re]
 re]
 re]
 re]
 re]
 re]
 re]
 re]
 re]
 re]
 re]
 re]
 re]
 re]
 re]
 re]
 re]
 re]
 re]
 re]
 re]
 re]
 re]
 re]
 re]
 re]
 re]
 re]
 re]
 re]
 re]
 re]
 re]
 re]
 re]
 re]
 re]
 re]
 re]
 re]
 re]
 re re re]
 re]
 re]
 re]
 re]
 re]
 re]
 re]
 re]
 re]
]
 re]
 re]
 re]
 re]
 re]
 re]
 re]
 re]
 re]
 re re]
 re]
 re]
 re]
 re]
 re]
 re]
 re]
 re]
 re]
 re]
]
]
 re]
]
 re]
]
 re]
]
 re]
]
 re]
 re]
]
 re]
]
 re]
 re]
]
]
 re]
]
]
]
]
 re]
]
]
 re]
]
]
 re]
]
 re]
]
 re]
]
 re]
]
 re]
]
 re]
]
 re]
]
 re]
]
 re]
]
 re]
]
 re]
]
 re]
]
 re]
]
 re]
]
 re]
 re]
]
 re]
 re]
]
 re]
]
 re]
]
 re]
]
 re]
 re]
]
 re]
 re]
 re]
 re]
]
 re]
 re]
 re]
 re]
]
 re]
 re]
 re]
]
 re]
]
 re]
]
 re]
 re]
 re]
]
 re]
]
 re]
 re]
]
 re]
]
 re]
 re]
]
 re]
]
 re]
]
 re]
]
 re]
 re]
]
 re]
 re]
 re]
]
 re]
]
 re]
 re]
]
 re]
]
 re]
]
 re]
 re]
]
 re]
]
 re]
 re]
]
 re]
]
 re]
]
 re]
 re]
 re]
 re]
 re]
]
 re]
 re]
 re]
]
 re]
 re]
 re]
 re]
 re]
 re]
]
 re]
 re]
 re]
]
 re]
 re]
 re]
 re]
 re]
 re]
 re]
 re]
 re]
 re]
]
 re]
]
0]
 re]
 re]
 re]
 re]
 re]
 re]
 re]
 re]
 re]
 re]
 re]
 re]
 re]
 re]
 re]
 re]
 re]
 re]
 re]
 re]
]
0 re]
 re]
 re]
 re]
 re]
 re]
 re]
 re]
 re]
 re]
 re]
 re]
]
0]
0 re]
 re]
0 re]
 re]
 re]
 re]
 re]
 re]
 re]
 re]
 re]
 re]
 re]
 re]
 re]
 re]
 re]
 re]
 re]
 re]
 re]
 re]
 re]
 re]
 re]
 re]
 re]
 re re, re]
 re]
 re]
 re]
 re]
 re]
 re]
 re]
 re]
 re]
 re]
 re]
 re]
 re]
 re]
 re]
 re]
 re]
 re]
 re]
 re]
 re]
 re]
 re]
 re]
0 re]
 re]
 re]
 re re0 re]
 re,,1 re]
 re]
 re]
0 re]
 re]
 re]
 re]
 re]
 re]
 re]
 re]
 re]
 re]
 re]
 re]
 re]
 re]
 re]
 re0 re]
 re0 re]
 re0]
 re]
 re]
 re]
 re re0 re]
 re0]
 re]
 re]
 re1 re]
 re0 re]
 re0 re]
 re0]
 re]
0 re]
 re re0 re]
 re0]
 re]
 re]
 re re0 re]
 re0 re]
 re0 re]
 re0 re]
 re0]
0]
0 re]
0 re]
 re0]
0]
0 re]
 re0 re]
0 re]
 re0]
0 re]
0 re]
0 re]
0]
0]
0 re]
0 re]
0 re]
0 re]
0 re]
0 re]
0 re]
0 re]
0 re]
 re0 re]
0 re]
0]
0]
0 re]
0 re]
0 re]
0]
0 re]
0 re]
0 re]
0 re]
0 re]
0]
0]
0 re]
0]
0 re]
0 re]
0]
0 re]
0]
0]
0 re]
0 re]
0 re]
0 re]
0 re]
0]
0]
0 re]
0 re]
0]
0]
0]
0 re]
0]
0 re]
0 re]
0]
0 re]
0]
0]
0 re]
0 re]
0 re]
0 re]
0 re]
0 re]
0 re]
,0 re]
0 re]
0 re]
0 re]
0]
0 re]
0]
0 re]
0 re]
0 re]
0 re]
0 re]
0 re]
0 re]
0 re]
0]
0 re]
0 re]
0 re]
0 re]
0 re]
0 re]
0 re]
0 re]
0 re]
0 re]
0 re]
0 re]
0]
0 re]
0]
0 re]
0 re]
0]
0 re]
0 re]
0 re]
0 re]
0 re]
0 re]
0 re re0 re0]
0 re]
0 re]
0 re]
0 re]
0 re]
0 re re,0 re]
0 re]
0]
0 re]
0]
0]
0]
0]
0]
0 re]
0 re]
0 re]
0 re]
0 re]
0 re]
0 re]
0 re]
0 re]
0]
0]
0 re]
0]
0]
0]
0]
0]
0 re]
0 re]
0 re]
0 re]
0 re]
0 re]
0]
0]
0]
0 re]
0 re]
0]
0]
0]
0]
0 re]
0 re]
0 re]
0]
0]
0 re]
0 re]
0]
0]
0 re]
,0 re]
0]
0]
0]
0 re]
0 re]
0]
0 re]
0]
0]
0]
0]
0]
0]
0]
0]
0]
0]
0]
0]
0]
0]
0 re]
0]
0]
0 re]
0]
0]
0]
0]
0]
0]
0]
0]
0 re]
0 re]
0 re0 re0 re0 re0 re0]
0 re]
0 re0 re000]
0]
0 re]
0]
0]
0]
0 incarcer re]
000]
0]
0 re]
0]
0]
0]
0]
0]
0]
0]
0]
0 re]
0]
0]
0 re]
0]
0 re]
0]
0]
0]
0]
0]
0]
0]
0]
0 re]
0]
0]
0]
0]
0]
0]
0]
0]
0]
0]
0]
0]
0]
0]
0]
0]
0]
0]
0]
0]
0]
0]
0 re]
0 re]
0]
0]
,,0 re]
0]
0]
0]
0]
0]
0]
0]
,,0)] re]
0]
,, re]
0]
,, re]
0]
0]
0]
0]
0]
0]
0]
,,, re]
0]
,1 re]
0]
,, re]
0]
0]
0]
0]
0]
0]
0]
0]
0]
0]
0]
0]
0]
0]
0]
0]
0]
0]
0]
0]
0]
0]
0]
0]
0]
0]
0]
0]
0]
0]
,,0]
,]
0 re)] re)] re)] re]
0]
,, re]
0]
0]
0]
0]
0]
0]
0]
0]
,,, re]
0]
, re]
0]
,0]
0]
,, re)] re]
0]
0]
0]
0]
0]
0]
0]
0]
,0]
,]
,]
,]
0]
,]
0]
,]
0]
,]
0]
,]
0]
, re)] re)] re]
0]
0]
0]
0]
,, re]
0]
0]
0]
0]
0]
0)] re]
0]
0]
0]
0 reoftware elé incarcer re]
 re)]oftware re)] re)] re)] re]
 re]
 re)] re]
 re]
000)] re)] re

0]
 re]
 re)] re)] re]
 re)] re)] re)] re)] re)] re)] re)] re)] re)] re)] re)] re)] re)]

10]
 re)] re)] re)] re)] re)]

]
 re)] re)] re)] re)] re)] re)] re)] re)] re)] re)] re)]oftware re)] re)] re)] re)] re)] re)] re)] re)] re)] re)] re)] re)] re)] re)] re)] re)] re)] re)] re incarcer elé elé]
 re)] re)] re)] re)] re)] re]
 re]
00]
0]
0]
 re)] re)] re)] re)] re]
0]
 re)] re)] re)] re)] re)] re)] re)] re)] re]
0]
0]
0]
0]
0]
,0]
,)]

 re)] re)] re)] re)] re)] re)] re)] re)] re)] re)] re)] re)] re)] re)] re)]oftware)] re)] re)]oftware elé]
]
 re)]

)] re)] re)]

0)] re)] re)] re)] re)] re)] re)] re)] re)] re)] re)] re)] re)] re)] re)] re)] re]
 re)]

]
]
]
 re)] re)]

]
 re)] re)]$
0]
 re)] re)] re)] re)] re)] re)] re)] re)] re)] re)] re)] re)] re)] re)] re0)] re)] re0]
0]
0]
 re)] re)] re]
0)] re)] re)] re)]

]
]
 re)] re)] re)] re)] re)] re)] re)]oftwareioneer)] re)] re)] re)] re)] re)] re0 incarcer)] re)] re)] re)] re)] re)] re)] re)] re)] re)] re)] re)]oftware elé)] re)] re)] re)] re)] re)] re)] re)] re)] re)] re)] re)] re)] re)] re)] re)] re)] re)] re)] re)] re)] re)] re)] re)] re)] re)] re)] re)] re)] re)] re)] re)] re)] re)] re)] re)] re)] re)]]
 re)] re)]]
]
]
]
 re)] re)] re)] re)] re)]oftware)] re)] re)] re)] re)]oftwareioneer)] re)] re)] re)] re)] re)]]
]
]
 re)] re)]]
]
]
]
]
 re)]

 re)] re)] re)] re)] re)] re)] re)] re)]]
0)] re)]]
0)]]
 re)]]
 re)]]
 re)]]
 re)]]
0)]]
 re)]

]
]
 re)] re)]oftware)] re)] re)]]
 re)] re)]

)]$
\]

)]

 re)] re)]]
 re)] re)] re)] re)]

)] re)] re)]oftware elé)] re)]]
 re)]]
 re)] reoftwareoftware""]];
 re)] reoftwareoftwareoftwareoftware)] reoftwareoftware)] re)] re)]oftwareoftware]
])
 re)] re)]]
 re)]]
]
]
]
]
]
)]
0)] re)] re)] re)] re)] re)] re)]

 re)] re)]oftware elé)] re)]

])**oftware)] re)]

]
]
0]
]
)]
)]

\boxed{)]

]
)] re)] re)] re)]]
 re)] reoftwareoftware""]];
 re)]

oftwareoftwareoftwareoftwareoftwareoftwareoftwareoftware)]]
]
 re)]oftwareoftware]
 re)]

]
0)] re)] reoftwareoftware elé)]]
 re)]ause)]

]
 re)]

 re)]oftwareoftwareoftwareoftware)]

]
]
)oftwareoftware elé)] re)]

])**])
 re)]]
10)]]
 re)]]
]
]
]
]
)]
]
0)]]
 re)]

 re)]]
 re)] re)]]
 re)] re)]ause)]

]
]
)oftwareoftwareoftware)]]
]
]
]
]
]
 re)]]
]
]
]
])
 re)]oftware)]

)] re)]]
 re)] re)]]
 reoftware elé)]

)]oftwareoftwareoftwareoftwareoftwareoftwareoftwareoftwareoftware elé)]]
oftwareioneeroftwareoftware]
]
]
 reoftwareoftwareoftware""]];
 re)]

)]

]
)]
 reoftware)] re)]]
 re)]

)]

)]

])**

 re)] reoftwareoftware elé)]]
)]
) ""\()]]
 re)]

)]]
)]
)]
)]]
 re)]]
]
]
]
]
]
)]
)]
]
]
]
)]
)]

 re)]]
 re)]

])** re)]oftwareoftware elé)]]
]
])
0)]]
]
]
]
]
]
]
]
]
 re)]

 re)]]
 re)]]
 incarcer elé)]]
]
])
0)]

]
]
oftwareoftware)]]
]
]
]
 ""\()] ""\()]

)]

)]

]
]
])
 re)]

)]]
]
]
])**

 re)]]
]
]
]
])
 re)]]
 re)]]
]
]
]
]
]
]
]
]
]
)]

]
]
]
]
]
 re)] ""\(]
])
 re)]

)]

]
]
 re)]]
]
])
 re)]]
]
]
]
]
]
]
]
]
]
]
)]

 re)]$
\]

]
 ""\()]oftware)]]
]
 re)] ""\()]0)]1oftware)] re)]0)]0)]0)]0)]0)]0)]0)]0oftware elé)]0]
 re)]0 incarcer)]0)]0 incarcer)]0)]0oftwareoftwareoftware]
 re)] re)]oftware)] re)]0)]0)]0)]0oftware)]0]
 re)]0)],]
 re)] re)]0)]0)]0)],)]0)]0)], 10)]1)]0]
 re)]0)]0)]0)]0)],)]0]
 re)]$
)]]
])
0)]$
\boxed]
]
 re)]$
)]]
 re)]

)]

)]]
)]
 re)]

]
 re)]ause)] re)]1)]0)], 0)],)]0)]0)]0)], 2)]0oftware)]0)]0)]0)],oftwareioneer)]0 ""\()],]
 re)], 10)]0)],)]0)]0)],)]0)]0)],)]0]
 re)] re)]0)]0)]0)]0)],)]0)],)]0)]0)]0)]0)]0)]0)]0)]0)],)]0)]0)],)],])
0)],)]0)]0)]0)],)], 0)], 10)]0oftware)]0)]0)],本来 ""\()]0)],])
0)]0)],)]0])
0)]0)]0)]0)], we)],])
0)]0)]0)],])
, we)]0)]0)],)]0])
,)]0)],)],)],]
0)]0)],)]0])
0)]0)]0)]0)]0)]0)]0)], we)],)]0)]0)]0)]0)], we)]0)]0)],)]0])
0)], we])
0)]])
0)]0)]0)], we)],])
0)],)], 2)]0)]0)]0)]0oftwareoftware)] re)]0oftwareoftware)] re)]0)],])
0)]0)]0)]0)]0)]0)]0)]0)],)], 10)]0)]0)]0)]0)]0)]0)], we)]0)]0)], we)]0)]0)]0)]0)]0)]0)]0)]0)]0)]0)]0)]0)]0)]0)], we)]0)]0)]0)]0)], we)]0)]0)],oftwareioneer)]""is)]0)]0)]0)]0)], 0)], 10)]""is)]0)]0 incarcer elé)]0)]0)]0)],oftwareoftware incarcer)] re)]0)]0)]0)]0)]0)]0)]0)], we)]0)]0)]0)]0)]0)]0)]0)]0)]0)]0)]0)]0)]0)]0)], we)]0)], 0)]0)]0)], 0)]0)], 0)]0)]0)], we)], 0)]0)]0 incarcer elé incarcer elé)]""is incarceroftwareoftware incarcer)] reoftwareoftware)]1)]0)],本来)]0]
 re)]0)]0)],本来)], 10)]1 incarceroftware)]0)]0 incarcerioneerioneerioneer,oftwareioneer)].

]
))]oftwareioneer)].

The,)])].

\boxed{)]]$)] re)]0)]0)] re)] re)]0)]0)]0)]0)]0)]0)],本来""is)]0)]0)]0)]0)]0)], 2)]0)], we)]0)]0)]0)]0)]0oftwareoftware)].

The)] re)]0)]0)],)], 0)]0oftwareoftwareoftware)].

*sacks ""\( re)].

\ioneeroftware)]])
 re)]0)]0)]0)]0)], 2)]0)]0)]0)]0)],oftwareoftware)]oftware incarceracks ""\( re)]1.oftware incarcer)].

\boxed)]oftware)].

\boxed)]]$.

The)].

\boxed)]acks to)]0)]0)]10)].

\ \boxed)].

""is incarcer elé)].

\boxed)].

oftware)].

""is)].

\boxed)].

oftware)].

\boxed)]]$)].

oftware本来.

\oftwareioneer)].

\boxed)]oftwareioneerioneer)])].

\boxed)]oftwareioneerioneer1oftwareioneer)].

ioneerioneer,oftware)""is)]oftwareoftwareioneer)].

\oftwareioneerioneer""is)].

\oftwareoftwareoftware re)].

\boxed)].

\boxedoftware100)]acks)]oftwareioneerioneeroftware incarcer本来)]0)]0)],本来)], 100)].

\boxed)]acks to)]0)]0)]00)].

\boxed)]oftware)].

\boxed本来)]acks to0)].

oftwareoftwareioneer小时内)]acks)]本来)]本来)]0)], 0)]0acks)].

\boxed)].

\oftware incarcer elé 100)].

\boxed)]oftwareoftwareioneer)]本来""is)]0)]0)]0oftwareoftware incarcer 0)]1 incarcer elé)].

\boxed)]本来)]0)]0oftware incarceracks)]])
 re)], we)]0)]0)]0)]0)],本来)], )]0)],本来)]0)]0)]0)]0)],本来)]0)]0)]0)]0)]0)],)]0)]0)]0oftware elé 10)]0oftware)],,,, ""\( re)]0)],oftware incarcer)]10)]0)],本来 incarcer eléoftwareoftware incarceracks)].

ioneerioneer1. )]0)], )]0)], )]0)]0oftwareioneerioneerioneer0acksioneerioneer10)]0ioneerioneer, )]0)]0)]0acks.

\boxed)]0)]0)]0)]0)]0)]00)]0)]0)]0)]0)]0)], 10)]0)], ""\( 10acks)]0)]0)]0)]0)]0)]0)]0)]0)]0)]0)]0)]0)]0oftwareoftware1. )]0)]0acks.

ioneerioneeroftware小时内)]0oftwareoftwareoftware0)]0)],0acks.

\本来oftware incarcer elé)]0)]0)],,0)]0)], )]0)],oftwareoftware the 10oftwareioneerioneeracks.

""is)], 10 incarceroftwareoftwareioneer.

\) )]0acks.

\boxed)].

\)]0)]0)]0)]0)]0)]0)]0)], we are)]0)],10)]0)]0)], )]0acksioneeracks.

\ box.

\本来.

\]

\)].

\.

\ 1 incarcer elé)].

\ 1 incarceroftwareioneer)].

\ 10)]本来oftwareioneerioneer,0)]00)]0)]00)],10)]0)], )]0)]0)], we)]0)]0)]0)]0)]0)]0)]0)]0)]0)]0)]0)]0)]0)]0acksioneeroftware.

\.

\)].

\)]0)]0)]0)]0)]0)]0)]0)]0)]0)]0)]0)], )]0)],oftwareioneer.

\ 10)]10)]0)]0)]0)]0)]0)]0)]0)]0)]0)]0)], incarcerifiers.

\本来.

oftwareioneerioneer0)],,0)0oftwareioneerioneer0);""
 10.

oftware to0)]本来.

\).

 10ioneerioneer.

\]

\.

oftwareoftware.

\.

\ 10)].

\.

\]

\)].

\)].

\.

oftwareioneerioneer.

\.

\.

\.

\.

\.

\.

\.

\)].

\.

\ 200)].

\)].

\)].

\本来oftware incarceroftware elé 0.

oftwareioneer.

\ 10)]oftware)]oftwareoftware10)].

)] 1ioneerioneerioneer0.

\).

 10)].

\oftwareioneerioneer.

\.

ioneerioneer0)]oftwareoftwareioneerioneer0)].

 10)].

\)""is)].

\]

\]

\)].

\.

\.

\)].

\.

\.

\.

\.

\)].

\.

\.

\.

\.

\)].

ioneerioneer0)]oftwareioneer)].

\.

\.

ioneer)].

\)].

\.

\boxed.

\.

\本来.

\.

ioneer本来oftwareioneer本来oftwareoftwareoftwareioneerioneer0.

oftwareoftwareoftware incarcer.

\]

\)]oftwareioneer.

\)].

\]

\.

\ioneerioneer本来.

\) 本来 incarcer本来本来0)].

ifiers.

\).

oftwareioneerioneer1.

\).

ifiers)].

\)""is)].

\.

\.

\.

\).

\boxed.

\.

\).

\).

\)].

\.

\).

ifiers)].

\).

\ \boxed.

\.

\.

\).

\boxed.

\)].

\.

\.

\).

\boxed.

\.

\).

\boxed.

\)]本来.

\.

\]

\)].

\)]ioneer)].

\)].

ioneerioneer0)].

\ioneerioneer0.

\).

ioneerioneer0)];""
 box.

%).

0)].

\boxed)].

\]

\.

\).

\boxed.

\.

\).

\ box.

\本来 incarcerifiers.

\ boxioneerioneer may attention.

\).

)].

\boxed.

\]

\]

\.

\]

\]

\ 100)].

\本来.

\]

\).

 1本来oftware.

\本来.

]])].

ifier.

ioneerioneerioneer0)].

\).

ioneerioneer0)].

 10.

\ box.

\oftwareioneer本来.

\)本来oftware.

\).

)].

\).

)].

ioneerioneerioneer0)].

\ boxioneerioneer1 box.

ioneerioneer0.

\ box.

ioneer)].

\).

 box.

\boxed.

\.

\)].

\本来.

\本来.

\]

\.

\)]""is)].

本来oftwareoftwareoftware.

\ 100.

\).

 box.

\).

 box.

 box.

\boxed.

\]

\).

 box.

\ box.

\]

\本来.

\本来oftware.

\)].

ifierioneerioneerioneer0.

""isioneerioneer0.

 1.

ioneerioneer0.

\本来oftwareioneerioneer.

\本来.

%).

0.

\ box.

\).

 box.

\boxed.

\)].

\.

```.

\boxed.

ioneer.

```.

\ box.

 10.

\本来\db.

\.

\ 10)].

\).

\).

 box.

\ box.

\ box.

\ box.

ioneerioneer.

\ box.

\).

 box.

\ box.

])**.

\ box.

)].

 box.

\ box.

\ \boxed.

\ 10)].

\).

本来.

\boxed.

\).

])**小时内.

ifiers.

oftwareioneerioneer1.

\ box.

ioneerioneer0.

ioneer本来.

])**本来.

\ioneerioneerioneer0.

\ box.

ioneerioneer0.

\).

 elé.

\ box.

""is本来.

\boxed.

\)].

])**.

\).

ioneer本来.

\ box.

%).

0.

\ box.

%).

0.

\ box.

\本来.

\ box.

\ box.

\ box.

\ box.

\).

 box.

\ box.

\]

\).

 box.

```.

\ box.

\ box.

\本来.

\ \boxed.

\).

\]

\ box.

\ \boxed.

\).

 1.

\]

\ box.

\]

\本来.

\ box.

])**.

\ boxioneerioneerioneer0.

 1.

ioneerioneerioneer0.

\]

\ box.

\oftware.

ervice.

\ box.

ioneer.

\ box.

\本来.

\ box.

\ box.

])**.

\ box.

本来.

本来.

ioneerioneer elé.

\ box.

 1.

ioneer.

\).

)].

\ box.

\).

)].

\ box.

\]

\]

\ box.

\ \boxed.

\).

ervice.

\ box.

\ box.

```.

 10.

\).

.

 boxioneerioneerioneer0.

\ box.

\).

本来.

\本来.

\boxed.

\本来oftware incarcer.

\ box.

 box.

 10.

\])** incarcer 10本来oftwareioneer elé.

 10.

])**.

\).

 elé.

\ box.

\).

)].

\ box.

\).

.

\ box.

\ box.

\ box.

\ box.

\ box.

\ box.

\ box.

\ box.

\ box.

\ box.

\ box.

\ box.

\ box.

\ box.

\).

.

\ box.

\ box.

\本来.

\ box.

\ box.

""is本来.

""is.

\ boxioneerioneerioneer0.

ioneerioneer1.

 box.

 box.

])**.

\ box.

 box.

 box.

 box.

本来 elé.

""is.

\ box.

ioneerioneer.

 box.

 box.

 10.

\boxed.

\ box.

\).

ioneerioneer.

\ box.

\ box.

\ box.

ervice.

\ box.

\本来.

\ box.

 box.

\ box.

\ box.

本来.

\ box.

\).

) is the.

\ box.

\ box.

)本来oftware the.

 box.

) is the.

\ box.

\ box.

\ box.

])**.

\ box.

 box.

 box.

])**.

)本来oftware.

 box.

 box.

oftwareioneerioneerioneer.

) elé incarceroftwareoftwareoftwareoftwareoftwareioneer.

).

 box.

])**.

\boxed.

\).

 box.

\ box.

) incarcer elé.

 box.

 box.

])**.

\ box.

""is.

.

\本来.

""is.

\ box.

\ box.

\ box.

\ box.

\).

 box.

\本来.

\ box.

\ box.

\ box.

\ box.

\]

\ box.

.

.

\ box.

\ box.

) is.

).

.

\ box.

\ box.

\).

).

\ box.

\本来.

\本来.

\).

.

\ box.

.

\ box.

\ box.

 elé.

\ boxioneer.

])**.

\ box.

ioneerioneer0.

.

\本来.

])**.

\ boxioneer.

)小时内.

 box.

.

\).

.

\ box.

""is.

\ box.

\ elé.

\ box.

\).

.

\本来.

\ box.

\ box.

\]

\]

\ box.

\]

\]

\ box.

\]

\ box.

\本来.

\ box.

\ box.

\).

.

\).

.

\]

\).

.

\).

.

\).

.

\).

.

\).

.

""is.

\ box.

\本来.

\ box.

 box.

\).

.

\).

.

""is.

\]

\).

.

""is.

\).

)""is incarcer elé.

])**oftwareioneerioneer elé.

 box.

 box.

 box.

 box.

)""is.

 box.

 box.

本来.

 box.

 box.

 box.

) is.

 box.

 box.

 box.

 box.

本来 elé.

 box.

 box.

""is incarcer.

)

0.

 box.

 box.

 box.

 box.

 box.

 box.

 box.

 box.

 box0.

本来.

DM.

 box.

) elé.

 box.

 box.

 box.

) is the.

 box.

 box.

 box.

ervice.

本来.

).

本来.

 is本来.

 1.

ervice.

 box.

 1.

])**.

) tiers.

%).

0.

 box.

本来.

)""is.

 box.

本来oftware1.

).

 incarcer.

 box.

 box.

本来.

 box.

 box.

 box.

 box.

 box.

 box.

 box.

 box.

).

)""is.

);""
)

0.

DM.

\).

.

\]

\ box.

.

])**.

\ box.

 box.

)

0.

) is a.

 attention.

 attention.

 is.

) is.

 box.

) is.

).

).

) is.

 box.

本来.

) is.

) is.

) is.

本来.

])**.

) genuine.

本来oftware10.

本来oftware10.

).

) incarcer elé elé.

.

 box.

本来.

) is the.

) is.

) is.

) is.

).

)""is.

本来.

.

.

.

).

) attention.

) is the.

).

) is.

)""is.

).

) is.

)""is.

) is.

)

0.

) is.

)""is.

""is

)""is.

)""is.

) is the.

)

0.

) is.

.

) is the.

)""is.

) is the.

)""is.

)""is.

)

0.

\).

.

\ box.

 elé

.

\ box.

)

0.

).

 elé elé0.

).

本来oftware1.

).

).

%).

0.

) attention.

])**.

DM.

)""is.

\).

)

0.

\]

\).

.

\ box.

\ box.

\ box.

\ box.

\ box.

\ box.

\ box.

\).

.

\ box.

\).

)

0.

\]

igit.

\ box.

).

)""is.

\ box.

)""is.

.

.

DM.

\ box.

\).

.

\]

.

\).

$
\).

.

.

本来

.

\ box.

\本来.

\).

.

\ box.

)""is.

.

本来 elé elé1.

 box.

DM

).

.

\).

.

\).

.

\本来 elé elé elé0.

 attention.

])**.

).

) genuine.

)

0.

) re

0.

\ box.

\]

"
2024-I-1,204,204
2024-II-7,699,453
2024-I-6,294,70
2024-I-13,110,2
2024-I-15,721,"0).

\boxed{0000000) re0 re0 re0) 0)本来oftware incarcer re000000000000]

.

0. The) re000 re000) re00000 incarceroftwareoftwareoftwareoftwareoftwareoftwareoftwareoftware re00 incarceroftwareoftware incarcer re00 incarceroftwareoftwareoftware incarcerifier incarcer本来) re0 re0oftware本来) re0).

 re0 re0 re0 re0000 incarcer elé incarcerreesisor.

.

).

ioneer re000000) re00000000000000000000000000000000 incarcer elé本来.

 re0000000000000000000000 incarcer elé re0 re0 re0 re00 incarcer elé 0000 incarcer elé本来 ""\( re0000).

.

.

(new incarcerifier re000000)acks)] re00) re0 re000000000)000000000 incarcerifiers.

\boxed{0) re000000) re0 re000000000000000000 ""\( re00).

 re0) 00 incarcer elé本来).

 re000000000000) 0oftware re0).

 re00 incarcer elé incarcer elé re0 re0 re0 incarcer elé incarcer elé).

 re0 incarcer elé本来.

The0000)acks.

 incarcerifiers.

The) re000) re0).

 re0).

00000000000000000000000000000000)000000000000000000) re0000).

\boxed{10000000000000000000000000000 incarcer本来).

 re0).

 re0oftware incarcer incarcer""is本来 ""\( re0).

0. ""\(00)acks)]000000000)acks.

) elé00) re0000000000000000000000000000) re000000000000000000000000000000000 incarcer elé incarcer本来.

The0.本来.

*s)]0000).

The.

*s)].

\boxed{000)小时内.

The000000.

*s.

The) re0000000000000000000000)0)0)].

The box.

The new box)].

The)""is)].

The)""is0000.

The) re000000)].

The0000.

The box.

The swrite the box.

The answer is \boxed{00000]

The)].

(new incarcer.

(new本来)""is 00.

 incarcer.

The) re000.

\boxed{30.

The box.

*s)].

\boxed{ re000).

\boxed{30.

\boxed{本来 incarcer.

\boxed{ re0).

\boxed000)].

The0000000000.

The answer is \boxed{ re0).

The answer is 000000000000000000000000.

The answer incarcer incarcer""is 0).

The.

The本来.

\boxed{000000000.

The) re0. 2000.

\boxed.

(new incarceroftware.

\boxed00.

\boxed{ re000.

\boxed000).

\boxed000000000.

\boxed.

\boxed00000000.

\boxed00.

\boxed0000.

\boxed0000000000.

\boxed本来.

(new re0000000.

(new本来.

\boxed3000.

(new.

ioneer incarcer本来.

\boxed.

(new)].

\boxed.

\boxed00000000.

\boxed incarceroftwareioneer incarcer the本来 incarcer本来.

ioneerioneerioneer0 incarceral.

\boxed本来 incarcer incarcer.

\boxed.

\boxed.

\boxed.

\boxed00.

\boxed000.

\boxed.

\boxed.

\boxed本来.

(new) 000000000000000000000000000000.

\boxed incarcer elé 2000.

(new) 000000.

ioneer incarcer本来.

\boxed本来 incarcer elé 000 incarcer本来.

\boxed.

(new00.

\boxed.

3000000000.

\boxed incarcer elé incarcer本来.

(new本来.

\boxed.

\本来.

\boxed.

\boxed本来.

\boxed.

\boxed00000000.

\boxed.

\boxed本来.

\boxed.

\boxed.

\boxed incarcer elé 2000.

(new).

(new000000000000000.

(new.

\本来.

\boxed.

\boxed incarcer本来.

\boxed本来.

%).

, the本来 incarceroftware incarcer incarcer本来.

ioneerioneerioneer6. 2ioneer incarcer elé 20ioneerioneer incarcerifier.

\boxed incarcer incarcer incarcer本来.

\boxed00000.

\boxed000.

ioneer incarceroftware incarcer elé本来.

\boxed.

\boxed.

\boxed.

\boxed000.

\boxed0000000000.

\boxed.

\boxed.

\boxed本来.

\boxed.

\boxed incarcer incarcer incarcer.

\boxed000.

\boxed000.

\boxed.

\boxed0.

\boxed.

ioneer本来.

\boxed.

%).

, 200 incarcer elé incarcer本来.

""is)].

(new.

\boxed incarceroftware3.

\boxed本来 ""\(2000.

%).

, we.

\boxed incarcer elé.

\boxed.

\boxed0).

\boxed0000.

\boxed3000.

\boxed.

\boxed.

\boxed.

\boxed.

\boxed300.

\boxed000.

\boxed.

\boxed.

\boxed.

(new.

\boxed.

\boxed.

\boxed本来.

 incarcerifier.

\boxed.

oftware incarcer本来.

\boxed.

\boxed.

(new incarcer elé incarcer本来.

\boxed.

oftware incarcer incarcer.

\boxed.

(new incarcerifier.

\本来本来.

3. 2 incarceroftware incarceroftware incarcer incarcer elé incarcer.

\boxed.

oftware本来.

\boxed.

\.

\.

\).

\boxed.

\).

\boxed.

\).

\ box.

\).

\boxed.

\boxed000.

 2000.

\boxed.

\boxed.

 2本来.

\boxed.

 2000.

\boxed.

\boxed.

\boxed00000.

 re本来.

(new incarcer the0.

本来.

(new incarcer.

oftware incarcer incarcerifier.

(new incarcerifier incarcerifier.

\boxed.

30.

 2 incarcer incarcerifier.

\boxed.

(new incarcer本来.

\boxed.

30.

 re本来 incarceroftware incarcer the0.

 2 incarcer incarcerifier.

 incarcer本来.

 2 re本来 incarcer incarcer本来.

 2.

oftware.

 2 re 000.

\).

本来.

\boxed.

 3000.

 300.

\boxed.

本来.

\boxed.

 00.

\boxed.

 incarcer])**.

\boxed.

.

本来.

300.

 200.

 incarcer elé incarcer本来.

\boxed.

 incarcer本来 incarcer""is.

 2 re.

 2 incarcer incarcer incarcer本来.

\boxed.

30.

 3030.

\boxed.

 incarcer本来.

\boxed.

 2000.

 2.

\boxed.

 2000.

\boxed.

 20000.

\boxed.

  incarcer本来.

\boxed.

 3.

 3.

本来.

\boxed.

 2000.

300.

\boxed.

本来.

\boxed.

本来.

 incarcerifier.

\boxed.

 本来 incarcer.

 2.

 0.

\boxed.

本来.

\boxed.

 0000.

 32.

(new.

 2.

 incarcer elé incarcer elé incarcer incarceroftware本来.

 2 incarceroftware incarcer.

 3.

 incarcer本来.

\boxed.

\).

本来.

\boxed.

oftware.

 3.

 2 incarcer elé.

 2.

 2 real本来.

本来.

\boxed.

 box.

本来.

\本来 incarcer elé.

\boxed.

\本来.

\boxed.

 3000.

本来.

\boxed.

\boxed.

本来.

\boxed.

\boxed.

 20 incarcer elé incarcer本来.

\boxed incarcer incarcer incarcer.

 2.

本来.

\boxed.

本来.

\ \boxed.

 3 incarcer incarcerifier.

 2 re本来.

\boxed.

本来 incarcer本来.

\boxed.

 incarcer incarcer本来.

本来 incarcer incarcer incarcer.

 2本来.

\boxed.

\.

\.

\).

\boxed.

\ \boxed.

\ 200.

\boxed.

\boxed.

\本来本来.

\boxed.

 000.

\boxed.

3.本来.

\本来 incarcer本来.

\boxed.

\本来.

\boxed.

\本来.

\).

\boxed.

本来.

\boxed.

 elé.

 201.

 incarcer本来.

 2 incarcer incarcer incarcer本来.

 2.

本来 incarcer本来.

\boxed.

\).

 2本来 incarcerifier.

\boxed.

\本来 incarcer本来.

\boxed本来.

\本来.

 incarcer incarcer elé本来.

 2本来 incarcer.

\boxed.

ifier.

\boxed.

\本来.

\本来.

\ box.

\ \boxed.

\本来.

])**.

\ box.

本来.

\boxed.

\本来.

\本来.

\boxed.

\本来.

\本来 incarcer本来.

\ box.

\ box.

\ box.

本来.

\boxed.

\本来 incarcer本来.

\boxed.

\).

是非.

\本来 incarcer本来.

\boxedifier incarcer incarcer elé本来.

本来 incarcer本来.

 2本来 incarcer本来.

 3.

\本来.

\boxed.

\]

\]

\ box.

\本来.

\ box.

\ box.

\本来.

本来 incarcer本来.

 2本来 incarcer incarcer.

 3.

\boxed.

\本来.

\ \boxed.

\本来.

\本来.

\ box.

\本来.

\ box.

\本来.

\ box.

\本来.

\boxed.

 200.

本来 incarcer incarcer本来.

\boxed.

 2本来.

\ box.

 20.

 2本来 incarcer incarcer.

 3.

本来 incarcer.

本来.

本来.

\ \ \boxed incarcer incarcer本来 incarcer.

 2本来 incarcer incarcer.

 2本来 incarcer本来.

 2.

本来.

\ box.

 200.

\ box.

\ \boxed.

 2本来本来.

\boxed.

\).

 2.

 2 incarcer.

 2.

\本来.

本来.

\boxed.

"
2024-II-15,315,99
2024-II-10,468,156
2024-II-9,902,64
2024-II-14,211,13
2024-II-5,80,120
2024-I-9,480,-96
2024-II-2,236,225
2024-II-1,73,260
2024-I-10,113,")"".

1111 sw brown box]
"
2024-II-8,127,11
2024-I-14,104,1353
2024-I-5,104,291
2024-II-13,321,192
